Name,N_sample,Dim,Size (GB),mpts,is_initial_kNNG_connected,is_new_kNNG_connected,Time_myMethod,Time_exact_HDBSCAN,ARI_myMethod,HAI_myMethod,Time_app_HDBSCAN,ARI_APP_HDBSCAN,HAI_APP_HDBSCAN
beans,13611.0,16.0,0.001742208,10.0,True,True,6.280849456787109,8.331952095031738,0.9840252356864868,0.9880502792956668,3.859641790390015,0.9846932993978732,0.9885589019238684
beans,13611.0,16.0,0.001742208,10.0,True,True,7.317165374755859,7.646866083145142,0.9840252356864868,0.988026434500378,3.917816400527954,0.9846932993978732,0.9885548822035698
beans,13611.0,16.0,0.001742208,10.0,True,True,6.487806558609009,7.9307191371917725,0.9840252356864868,0.9880675022119942,3.855008602142334,0.984008635969295,0.9885518766270476
beans,13611.0,16.0,0.001742208,10.0,True,True,8.298973798751831,7.955826044082642,0.9840252356864868,0.9880574546726988,4.133602380752564,0.9846932993978732,0.9885577065709056
beans,13611.0,16.0,0.001742208,10.0,True,True,6.474461317062378,8.085246562957764,0.9840252356864868,0.9880788337735624,3.870160579681397,0.984008635969295,0.9885577840940902
beans,13611.0,16.0,0.001742208,20.0,True,True,11.175849199295044,8.336017847061157,0.9926737651750778,0.994704022859547,4.079481363296509,0.9940898597666232,0.9948552344360668
beans,13611.0,16.0,0.001742208,20.0,True,True,9.323456048965454,8.084193706512451,0.9926737651750778,0.9947128673551768,4.045935153961182,0.9934175701008024,0.9948524328342552
beans,13611.0,16.0,0.001742208,20.0,True,True,9.530259847640991,7.747464656829834,0.9933811412465552,0.9946965648113424,4.088613510131836,0.9934175701008024,0.9948516122422209
beans,13611.0,16.0,0.001742208,20.0,True,True,9.47023892402649,8.174234390258789,0.9926737651750778,0.9947007271549374,4.085917711257935,0.9940898597666232,0.9948538864778051
beans,13611.0,16.0,0.001742208,20.0,True,True,9.046518564224243,7.748526096343994,0.9927166709681506,0.9947068856444244,4.083073854446411,0.9934175701008024,0.9948524237287766
beans,13611.0,16.0,0.001742208,30.0,True,True,12.781856060028076,8.331368207931519,0.9971751527602228,0.9961379281093636,4.290359258651733,0.99717240978505,0.996169217049064
beans,13611.0,16.0,0.001742208,30.0,True,True,12.925868272781372,8.201565504074097,0.9971751527602228,0.9961346051581084,4.233760595321655,0.9978261357977302,0.9961864586108676
beans,13611.0,16.0,0.001742208,30.0,True,True,12.73351502418518,8.112665176391602,0.9971751527602228,0.9961319277949584,4.314509391784668,0.99717240978505,0.9961662604641018
beans,13611.0,16.0,0.001742208,30.0,True,True,12.687939405441284,8.018301725387573,0.9971751527602228,0.996126130354864,4.194077014923096,0.9978261357977302,0.996183014476086
gamma,4999.0,2.0,7.9984e-05,10.0,False,True,2.851105213165283,1.114152431488037,1.0,0.9975111962964256,0.3095450401306152,1.0,0.9975111962003638
gamma,4999.0,2.0,7.9984e-05,10.0,False,True,2.8906824588775635,1.1237263679504397,1.0,0.9976155086633308,0.309300422668457,1.0,0.997629817182727
gamma,4999.0,2.0,7.9984e-05,10.0,False,True,2.9107420444488525,1.1285614967346191,1.0,0.9975271849917298,0.3080754280090332,1.0,0.997556093341264
gamma,4999.0,2.0,7.9984e-05,10.0,False,True,2.8360414505004883,1.1510930061340332,1.0,0.9973835831038192,0.3099472522735595,1.0,0.9973785425120671
gamma,4999.0,2.0,7.9984e-05,10.0,False,True,2.9572527408599854,1.1438546180725098,1.0,0.9976767314376424,0.3113408088684082,1.0,0.9976800283593972
gamma,4999.0,2.0,7.9984e-05,20.0,False,True,4.176172256469727,1.1644959449768066,1.0,0.9986783082635632,0.3121981620788574,1.0,0.9986760883398762
gamma,4999.0,2.0,7.9984e-05,20.0,False,True,4.123591899871826,1.1257727146148682,1.0,0.9985597962745888,0.3134167194366455,1.0,0.9985609133286872
gamma,4999.0,2.0,7.9984e-05,20.0,False,True,4.085726022720337,1.110450267791748,1.0,0.9985961780352772,0.3127028942108154,1.0,0.9985960601085356
gamma,4999.0,2.0,7.9984e-05,20.0,False,True,4.128305912017822,1.1042728424072266,1.0,0.9985576555343996,0.3144404888153076,1.0,0.998561174061094
gamma,4999.0,2.0,7.9984e-05,20.0,False,True,4.154283761978149,1.1330981254577637,1.0,0.9986570828908852,0.3110725879669189,1.0,0.9986578829868475
gamma,4999.0,2.0,7.9984e-05,30.0,False,True,5.43111252784729,1.108031988143921,1.0,0.9990378067034846,0.3156938552856445,1.0,0.9990383316263756
gamma,4999.0,2.0,7.9984e-05,30.0,False,True,5.376249074935913,1.1082825660705566,1.0,0.9990666167220396,0.3183867931365967,1.0,0.9990664987952972
gamma,4999.0,2.0,7.9984e-05,30.0,False,True,5.198022842407227,1.1255261898040771,1.0,0.9990636350614024,0.3201904296875,1.0,0.9990637638426556
gamma,4999.0,2.0,7.9984e-05,30.0,False,True,5.415773868560791,1.116823434829712,1.0,0.9990612744132946,0.3175616264343261,1.0,0.9990613414294964
gamma,4999.0,2.0,7.9984e-05,30.0,False,True,5.376330375671387,1.133415937423706,0.9996997897447888,0.9989230280581652,0.3240823745727539,0.9996997897447888,0.9989236648881866
gamma,4999.0,10.0,0.00039992,10.0,False,True,2.994711399078369,1.1167540550231934,1.0,0.9979905464409928,0.7027990818023682,1.0,0.9984107131786232
gamma,4999.0,10.0,0.00039992,10.0,False,True,2.962934732437134,1.157994270324707,1.0,0.997885002071031,0.5202407836914062,1.0,0.9983842938421842
gamma,4999.0,10.0,0.00039992,10.0,False,True,3.1260218620300293,1.1163620948791504,1.0,0.9979787447694036,0.5140588283538818,1.0,0.9984383757248212
gamma,4999.0,10.0,0.00039992,10.0,False,True,2.954303741455078,1.107343673706055,1.0,0.9979507153150944,0.5136773586273193,1.0,0.9984356260433505
gamma,4999.0,10.0,0.00039992,10.0,False,True,3.021639347076416,1.0999650955200195,1.0,0.9979843024073196,0.5123941898345947,1.0,0.9984160806224404
gamma,4999.0,10.0,0.00039992,20.0,False,True,4.048622131347656,1.115997076034546,1.0,0.999103981728557,0.5077173709869385,1.0,0.999199647404482
gamma,4999.0,10.0,0.00039992,20.0,False,True,4.210681676864624,1.1104145050048828,1.0,0.9990828994817392,0.507232666015625,1.0,0.9991877245722156
gamma,4999.0,10.0,0.00039992,20.0,False,True,4.296708583831787,1.1033730506896973,1.0,0.9990810296240492,0.5055990219116211,1.0,0.9991999826776048
gamma,4999.0,10.0,0.00039992,20.0,False,True,4.315161228179932,1.111433506011963,1.0,0.9990352401078356,0.5054636001586914,1.0,0.9991682939401676
gamma,4999.0,10.0,0.00039992,20.0,False,True,4.186694622039795,1.1068785190582275,1.0,0.9990741788263936,0.5063736438751221,1.0,0.9991843251249544
gamma,4999.0,10.0,0.00039992,30.0,False,True,5.357885360717773,1.0949699878692627,1.0,0.9993954966985508,0.5114161968231201,1.0,0.9994232411498926
gamma,4999.0,10.0,0.00039992,30.0,False,True,5.293858528137207,1.094676494598389,1.0,0.9993670298938844,0.5125808715820312,1.0,0.9994031506980334
gamma,4999.0,10.0,0.00039992,30.0,False,True,5.285329580307007,1.1557049751281738,1.0,0.9993694891611504,0.5058817863464355,1.0,0.999406759743028
gamma,4999.0,10.0,0.00039992,30.0,False,True,5.258400917053223,1.1042273044586182,1.0,0.9993772493683426,0.5146462917327881,1.0,0.9994127895361776
gamma,4999.0,10.0,0.00039992,30.0,False,True,5.734201908111572,1.0971224308013916,1.0,0.999394520496948,0.5075662136077881,1.0,0.9994385575378872
gamma,4999.0,32.0,0.001279744,10.0,False,True,3.1290717124938965,1.1640691757202148,1.0,0.9974326181509624,1.002819538116455,1.0,0.9985486415510888
gamma,4999.0,32.0,0.001279744,10.0,False,True,3.0397191047668457,1.1087384223937988,1.0,0.9974519752989316,0.9993958473205566,1.0,0.9985826314769684
gamma,4999.0,32.0,0.001279744,10.0,False,True,3.2712831497192383,1.1279497146606443,1.0,0.997401815481057,1.0193116664886477,1.0,0.9985776780735184
gamma,4999.0,32.0,0.001279744,10.0,False,True,3.167128562927246,1.1233375072479248,1.0,0.997486402799302,0.995577335357666,1.0,0.9985677442744354
gamma,4999.0,32.0,0.001279744,10.0,False,True,3.2517871856689453,1.1108627319335938,1.0,0.9973788888958568,1.0217325687408447,1.0,0.9985245743136364
gamma,4999.0,32.0,0.001279744,20.0,False,True,4.328805208206177,1.1205101013183594,1.0,0.9989880716844431,0.9959182739257812,1.0,0.9991964097822984
gamma,4999.0,32.0,0.001279744,20.0,False,True,4.445921182632446,1.1249732971191406,1.0,0.9990095646736564,0.9941937923431396,1.0,0.9992262949418044
gamma,4999.0,32.0,0.001279744,20.0,False,True,4.306100130081177,1.1112658977508545,1.0,0.998990828089956,1.0099637508392334,1.0,0.99924710822728
gamma,4999.0,32.0,0.001279744,20.0,False,True,4.197871208190918,1.121321439743042,1.0,0.999022116651334,0.9928710460662842,1.0,0.9992402148440792
gamma,4999.0,32.0,0.001279744,20.0,False,True,4.322733640670776,1.1332979202270508,1.0,0.9989776528583932,0.991255521774292,1.0,0.9991976033302836
gamma,4999.0,32.0,0.001279744,30.0,False,True,5.828958034515381,1.1653540134429932,1.0,0.9993997788193096,0.9976081848144532,1.0,0.999466305447304
gamma,4999.0,32.0,0.001279744,30.0,False,True,5.802482604980469,1.1303510665893557,1.0,0.9994191163395014,1.00447678565979,1.0,0.9994786955038504
gamma,4999.0,32.0,0.001279744,30.0,False,True,5.641326427459717,1.1231350898742676,1.0,0.9993986066281386,0.9921772480010986,1.0,0.999465508617302
gamma,4999.0,32.0,0.001279744,30.0,False,True,5.66053318977356,1.143186092376709,1.0,0.9993944294023032,0.9971401691436768,1.0,0.9994554351184112
gamma,4999.0,32.0,0.001279744,30.0,False,True,5.831603765487671,1.130180835723877,1.0,0.9993938322760972,1.0031657218933103,1.0,0.9994750946877952
gamma,4999.0,64.0,0.002559488,10.0,False,True,3.1734328269958496,1.13820219039917,1.0,0.9973158286672892,1.7985563278198242,1.0,0.9985816775287136
gamma,4999.0,64.0,0.002559488,10.0,False,True,3.074354648590088,1.1209769248962402,1.0,0.9971989757855768,1.805614948272705,1.0,0.9985299252995866
gamma,4999.0,64.0,0.002559488,10.0,False,True,3.08516263961792,1.0852959156036377,1.0,0.9973183965116872,1.860535144805908,1.0,0.9985441162444524
gamma,4999.0,64.0,0.002559488,10.0,False,True,3.6986067295074463,1.1297247409820557,1.0,0.9973254646237072,1.8291316032409668,1.0,0.998605684185828
gamma,4999.0,64.0,0.002559488,10.0,False,True,3.1032814979553223,1.1281235218048096,1.0,0.9973787607229704,1.824972152709961,1.0,0.998584030620286
gamma,4999.0,64.0,0.002559488,20.0,False,True,4.429422855377197,1.120152235031128,1.0,0.9990156333061074,1.8474149703979488,1.0,0.9992288161021998
gamma,4999.0,64.0,0.002559488,20.0,False,True,4.160861492156982,1.1068048477172852,1.0,0.9990573802372564,1.795637845993042,1.0,0.9992563485863852
gamma,4999.0,64.0,0.002559488,20.0,False,True,4.369777679443359,1.095174789428711,1.0,0.9990329072203828,1.7944390773773191,1.0,0.9992478732301916
gamma,4999.0,64.0,0.002559488,20.0,False,True,4.639268636703491,1.1026458740234375,1.0,0.9990299196041696,1.8402838706970213,1.0,0.9992330690534588
gamma,4999.0,64.0,0.002559488,20.0,False,True,4.17046332359314,1.1164665222167969,1.0,0.9990547305197428,1.7996118068695068,1.0,0.9992532932175318
gamma,4999.0,64.0,0.002559488,30.0,False,True,5.596632480621338,1.1046791076660156,1.0,0.9994043358569872,1.801502704620361,1.0,0.9994638572586844
gamma,4999.0,64.0,0.002559488,30.0,False,True,5.577792406082153,1.0929031372070312,1.0,0.9994094046576576,1.8147251605987549,1.0,0.999451191292624
gamma,4999.0,64.0,0.002559488,30.0,False,True,5.665298700332642,1.1138839721679688,1.0,0.9994154260297592,1.8171236515045168,1.0,0.9994564857006348
gamma,4999.0,64.0,0.002559488,30.0,False,True,5.7728705406188965,1.108371019363403,1.0,0.9994301246391616,1.8178865909576416,1.0,0.9994722580421476
gamma,4999.0,64.0,0.002559488,30.0,False,True,5.834065914154053,1.17230224609375,1.0,0.999433628501058,1.80501675605774,1.0,0.9994836932859216
standart,5000.0,2.0,8e-05,10.0,False,True,2.716515302658081,1.2599937915802002,1.0,0.9987431456,0.3073809146881103,1.0,0.998745690176
standart,5000.0,2.0,8e-05,10.0,False,True,2.9516589641571045,1.027007818222046,1.0,0.998598959455994,0.3089616298675537,1.0,0.998612141055993
standart,5000.0,2.0,8e-05,10.0,False,True,3.02639389038086,1.0630297660827637,0.99347878983366,0.9985288943999888,0.3057751655578613,0.9926419702659264,0.9984879023999932
standart,5000.0,2.0,8e-05,10.0,False,True,2.919942140579224,1.0589587688446045,0.999211967288391,0.9991851129279932,0.3037981986999511,0.9990737626360016,0.9991822257919925
standart,5000.0,2.0,8e-05,10.0,False,True,2.969850540161133,1.081763744354248,0.8163407447876901,0.9988890324799904,0.3154129981994629,1.0,0.9988763004159904
standart,5000.0,2.0,8e-05,20.0,False,True,4.1291234493255615,1.0884084701538086,1.0,0.9995567608959997,0.3093519210815429,1.0,0.9995569294719996
standart,5000.0,2.0,8e-05,20.0,False,True,4.170265436172485,1.0864205360412598,0.9998715745784844,0.9994937360959952,0.3092586994171142,0.9996165703590428,0.9994939864639956
standart,5000.0,2.0,8e-05,20.0,False,True,4.077084064483643,1.063004970550537,1.0,0.9994618275199998,0.3077640533447265,1.0,0.999462095647994
standart,5000.0,2.0,8e-05,20.0,False,True,3.952689409255981,1.0835967063903809,0.9997442563338697,0.999392192608002,0.3088562488555908,0.9997441775406034,0.9994128318079906
standart,5000.0,2.0,8e-05,20.0,False,True,4.017664909362793,1.0723111629486084,1.0,0.9995445086399988,0.3065066337585449,1.0,0.9995446567359988
standart,5000.0,2.0,8e-05,30.0,False,True,5.123979330062866,1.0520670413970947,0.9899324024242274,0.9987501247039612,0.3174610137939453,0.990248022315187,0.9992339285120024
standart,5000.0,2.0,8e-05,30.0,False,True,5.108167886734009,1.058079957962036,0.9971503689408062,0.9992503564160178,0.3116819858551025,0.9991753252301342,0.9995963981439971
standart,5000.0,2.0,8e-05,30.0,False,True,5.079770565032959,1.0435247421264648,0.9980390638939904,0.999565677119997,0.3144397735595703,0.9997151191458844,0.9996679490560028
standart,5000.0,2.0,8e-05,30.0,False,True,5.2311060428619385,1.0578222274780271,0.9952344148188498,0.9992173310719854,0.3199479579925537,0.9959778194536208,0.9993219744640024
standart,5000.0,2.0,8e-05,30.0,False,True,5.632405042648315,1.0315165519714355,0.9997154384953152,0.999671822720003,0.3119556903839111,0.999857404611785,0.9996871017280028
standart,5000.0,10.0,0.0004,10.0,False,True,2.81357741355896,1.0701532363891602,1.0,0.9513013053464876,0.4450423717498779,1.0,0.999433219871998
standart,5000.0,10.0,0.0004,10.0,False,True,2.9867093563079834,0.9723188877105712,1.0,0.9592448989147396,0.4539592266082763,1.0,0.9994673382399988
standart,5000.0,10.0,0.0004,10.0,False,True,2.925487756729126,1.0739986896514893,1.0,0.9712218907843092,0.4528384208679199,1.0,0.999442753023998
standart,5000.0,10.0,0.0004,10.0,False,True,2.9337310791015625,1.062119960784912,1.0,0.9993090245439972,0.4521317481994629,1.0,0.999455906911998
standart,5000.0,10.0,0.0004,10.0,False,True,3.169388055801392,1.064798355102539,1.0,0.8667643197829762,0.446286678314209,1.0,0.9994171498559984
standart,5000.0,10.0,0.0004,20.0,False,True,4.352548837661743,1.1117613315582275,1.0,0.9956657239680532,0.4425098896026611,1.0,0.9997040996480016
standart,5000.0,10.0,0.0004,20.0,False,True,4.369591951370239,1.082860231399536,1.0,0.999664989920001,0.4441936016082763,1.0,0.9997063966400012
standart,5000.0,10.0,0.0004,20.0,False,True,4.203514337539673,1.0134282112121582,1.0,0.9316796559075748,0.4461369514465332,1.0,0.9997143464320012
standart,5000.0,10.0,0.0004,20.0,False,True,4.286219358444214,1.0656447410583496,1.0,0.985857326431628,0.4401631355285644,1.0,0.9996990797120016
standart,5000.0,10.0,0.0004,20.0,False,True,4.320320129394531,1.02001953125,1.0,0.989547150559966,0.4452688694000244,1.0,0.9997007754880012
standart,5000.0,10.0,0.0004,30.0,False,True,5.541279077529907,1.0153977870941162,1.0,0.9747873448638962,0.4481875896453857,1.0,0.999794751136002
standart,5000.0,10.0,0.0004,30.0,False,True,5.39554238319397,1.0747404098510742,1.0,0.9997747578240016,0.4488461017608642,1.0,0.9997843909120014
standart,5000.0,10.0,0.0004,30.0,False,True,5.418657064437866,1.0638141632080078,1.0,0.945165584898918,0.446291446685791,1.0,0.9997895200320016
standart,5000.0,10.0,0.0004,30.0,False,True,5.435540676116943,1.0622596740722656,1.0,0.8847426383014779,0.446624755859375,1.0,0.9998015123200016
standart,5000.0,10.0,0.0004,30.0,False,True,5.510562181472778,1.065002679824829,1.0,0.9717793238406074,0.4515366554260254,1.0,0.9997876801280016
standart,5000.0,32.0,0.00128,10.0,False,True,3.2925167083740234,1.0580556392669678,1.0,0.9991242014079972,0.8748843669891357,1.0,0.9994871965759992
standart,5000.0,32.0,0.00128,10.0,False,True,2.954143047332764,1.056323528289795,1.0,0.988897143935781,0.8493473529815674,1.0,0.9994650943679988
standart,5000.0,32.0,0.00128,10.0,False,True,3.1056387424468994,1.047999620437622,1.0,0.9339978713953062,0.8622562885284424,1.0,0.9994853195519984
standart,5000.0,32.0,0.00128,10.0,False,True,2.9026477336883545,1.008479356765747,1.0,0.9711245152969292,0.961200714111328,1.0,0.9994555549759984
standart,5000.0,32.0,0.00128,10.0,False,True,3.310548782348633,1.057443141937256,1.0,0.971149707200913,0.8508520126342773,1.0,0.9994737479039986
standart,5000.0,32.0,0.00128,20.0,False,True,4.549000978469849,1.099592208862305,1.0,0.967639684353604,0.8543457984924316,1.0,0.9997136077120018
standart,5000.0,32.0,0.00128,20.0,False,True,4.453057050704956,1.00860595703125,1.0,0.9538240379535944,0.8671767711639404,1.0,0.9997239202880016
standart,5000.0,32.0,0.00128,20.0,False,True,4.377487182617188,1.0746026039123535,1.0,0.9996496747520008,0.8648650646209717,1.0,0.9997040264320016
standart,5000.0,32.0,0.00128,20.0,False,True,4.273020505905151,1.0917444229125977,1.0,0.9996623670400012,0.8787426948547363,1.0,0.9997227359040016
standart,5000.0,32.0,0.00128,20.0,False,True,4.370309114456177,1.0612514019012451,1.0,0.9996436481600008,0.8710770606994629,1.0,0.9997133938560018
standart,5000.0,32.0,0.00128,30.0,False,True,5.74300217628479,1.0399484634399414,1.0,0.9997891920000018,0.8675763607025146,1.0,0.9998089718720016
standart,5000.0,32.0,0.00128,30.0,False,True,5.6840455532073975,1.0721766948699951,1.0,0.9407802522600948,0.8605637550354004,1.0,0.9997921342720012
standart,5000.0,32.0,0.00128,30.0,False,True,5.847555637359619,1.0710861682891846,1.0,0.9711747922567976,0.8735852241516113,1.0,0.9997988100480014
standart,5000.0,32.0,0.00128,30.0,False,True,5.637730598449707,1.0507934093475342,1.0,0.9997894865280018,0.8722572326660156,1.0,0.9998056568000016
standart,5000.0,32.0,0.00128,30.0,False,True,5.717059373855591,1.000622034072876,1.0,0.957841891744126,0.8623654842376709,1.0,0.9997885560960014
standart,5000.0,64.0,0.00256,10.0,False,True,3.2430636882781982,1.0942614078521729,1.0,0.9991032442559984,1.5791959762573242,1.0,0.9994551507199974
standart,5000.0,64.0,0.00256,10.0,False,True,3.563900947570801,1.0702431201934814,1.0,0.985288370687598,1.5548303127288818,1.0,0.9994796000959985
standart,5000.0,64.0,0.00256,10.0,False,True,3.2955918312072754,1.0194709300994873,1.0,0.9889567939839616,1.5514419078826904,1.0,0.9994806807679985
standart,5000.0,64.0,0.00256,10.0,False,True,3.1495838165283203,1.0028409957885742,1.0,0.999098146751998,1.5330133438110352,1.0,0.9994493805119988
standart,5000.0,64.0,0.00256,10.0,False,True,3.1101620197296143,1.0720174312591553,1.0,0.999095717791997,1.60341477394104,1.0,0.9994750453759986
standart,5000.0,64.0,0.00256,20.0,False,True,4.512913942337036,1.0770325660705566,1.0,0.9716735171842312,1.5721490383148191,1.0,0.9997238744960012
standart,5000.0,64.0,0.00256,20.0,False,True,4.447513818740845,1.0886292457580566,1.0,0.9796791019192992,1.5595648288726809,1.0,0.9997315951040018
standart,5000.0,64.0,0.00256,20.0,False,True,4.304995775222778,1.0418479442596436,1.0,0.9996833347520012,1.5629618167877195,1.0,0.999727117024002
standart,5000.0,64.0,0.00256,20.0,False,True,4.18131160736084,1.0501132011413574,1.0,0.9996805416000016,1.5713648796081543,1.0,0.999722754272002
standart,5000.0,64.0,0.00256,20.0,False,True,4.0597569942474365,1.067051649093628,1.0,0.971677262848738,1.6279692649841309,1.0,0.9997244099520018
standart,5000.0,64.0,0.00256,30.0,False,True,5.721772193908691,1.0393502712249756,1.0,0.9997862500480016,1.5895073413848877,1.0,0.9997993418880016
standart,5000.0,64.0,0.00256,30.0,False,True,5.581968784332275,1.0609793663024902,1.0,0.9997800934080014,1.5347599983215332,1.0,0.9997889648640016
standart,5000.0,64.0,0.00256,30.0,False,True,5.656466007232666,1.053877592086792,1.0,0.9757856103358572,1.5637187957763672,1.0,0.9997960242560016
standart,5000.0,64.0,0.00256,30.0,False,True,5.612742900848389,1.059615135192871,1.0,0.9997967665600016,1.5774149894714355,1.0,0.9998020227520016
standart,5000.0,64.0,0.00256,30.0,False,True,5.776861667633057,1.0963094234466553,1.0,0.9899891677118406,1.6022076606750488,1.0,0.9997994915840016
moons,5000.0,2.0,8e-05,10.0,False,True,2.97198748588562,1.05787992477417,0.9994552074226352,0.9983579795839004,0.2883949279785156,0.9991835640042384,0.9981539955837486
moons,5000.0,2.0,8e-05,10.0,False,True,3.0720601081848145,1.063563346862793,1.0,0.9969921025923688,0.2843234539031982,1.0,0.8110393847389428
moons,5000.0,2.0,8e-05,10.0,False,True,3.0219321250915527,1.0420315265655518,0.9997289992708016,0.99680664361597,0.3068845272064209,0.9997289992708016,0.9978078998079082
moons,5000.0,2.0,8e-05,10.0,False,True,2.882500171661377,1.027592420578003,0.9991908576437596,0.9972170953603025,0.278667688369751,0.9986502859355658,0.9970541410558458
moons,5000.0,2.0,8e-05,10.0,False,True,3.066655158996582,1.00819730758667,0.9997309283126355,0.8726623256041465,0.2782571315765381,1.0,0.9975901402882418
moons,5000.0,2.0,8e-05,20.0,False,True,4.251816511154175,1.0430192947387695,0.9997287843319728,0.9983125767359472,0.2831425666809082,0.9994580697987724,0.9984931153600588
moons,5000.0,2.0,8e-05,20.0,False,True,4.23615574836731,1.040249586105347,0.999462215470058,0.8734651558043508,0.2818222045898437,0.9991927868489608,0.9984060941757296
moons,5000.0,2.0,8e-05,20.0,False,True,4.118693828582764,1.0768792629241943,1.0,0.9986966735039924,0.2868099212646484,0.9997269946834968,0.998502300511839
moons,5000.0,2.0,8e-05,20.0,False,True,4.180749893188477,1.0242397785186768,0.9997300001187936,0.8750983397780259,0.285128116607666,1.0,0.8752951351402954
moons,5000.0,2.0,8e-05,20.0,False,True,4.260662794113159,1.0656981468200684,0.9997317126424036,0.9986818513279876,0.2900645732879638,0.9994639244657944,0.9985363495039938
moons,5000.0,2.0,8e-05,30.0,False,True,5.462991237640381,1.0495758056640625,0.9994624995532928,0.9982041632959456,0.2887063026428222,1.0,0.9989032524478676
moons,5000.0,2.0,8e-05,30.0,False,True,5.426063776016235,1.0644114017486572,0.9994603580485876,0.9985427705919004,0.287738561630249,0.9991904301559476,0.9985432400959002
moons,5000.0,2.0,8e-05,30.0,False,True,5.454634189605713,1.0130484104156494,0.9989218605255192,0.8752582797134066,0.2865481376647949,0.9994585702072536,0.9986125688637476
moons,5000.0,2.0,8e-05,30.0,False,True,5.385495662689209,1.0441296100616455,0.9994596422421084,0.998290350816042,0.2903342247009277,0.9991899997983644,0.9986372143997404
moons,5000.0,2.0,8e-05,30.0,False,True,5.590322494506836,1.0404014587402344,0.9994599995675482,0.998752096863754,0.2861101627349853,0.9991910714694078,0.9987525032317548
gaussian-sparse,4999.0,2.0,7.9984e-05,10.0,False,True,3.113828420639038,1.1121771335601809,1.0,0.99753838095595,0.3121154308319092,1.0,0.9975321648110108
gaussian-sparse,4999.0,2.0,7.9984e-05,10.0,False,True,3.208580493927002,1.0949079990386963,1.0,0.9975869371558522,0.3122360706329345,1.0,0.9976145532421874
gaussian-sparse,4999.0,2.0,7.9984e-05,10.0,False,True,2.996610164642334,1.0975868701934814,1.0,0.9974254371071968,0.3112432956695556,1.0,0.997450389259498
gaussian-sparse,4999.0,2.0,7.9984e-05,10.0,False,True,3.121531248092652,1.1026086807250977,1.0,0.9974686078684768,0.3112890720367431,1.0,0.9974908370753288
gaussian-sparse,4999.0,2.0,7.9984e-05,10.0,False,True,2.998034715652466,1.11999773979187,1.0,0.997406259234766,0.3154187202453613,1.0,0.9974221012180609
gaussian-sparse,4999.0,2.0,7.9984e-05,20.0,False,True,4.235548496246338,1.1355345249176023,1.0,0.9985537892470908,0.3138983249664306,1.0,0.9985544291509578
gaussian-sparse,4999.0,2.0,7.9984e-05,20.0,False,True,4.226960182189941,1.1716203689575195,1.0,0.9986830009025832,0.3120386600494385,1.0,0.9986800377170284
gaussian-sparse,4999.0,2.0,7.9984e-05,20.0,False,True,4.291004657745361,1.1281676292419434,1.0,0.9987025430575316,0.31398606300354,1.0,0.998704601860566
gaussian-sparse,4999.0,2.0,7.9984e-05,20.0,False,True,4.584882497787476,1.1655266284942627,1.0,0.9986638846351144,0.3151144981384277,1.0,0.9986697704058708
gaussian-sparse,4999.0,2.0,7.9984e-05,30.0,False,True,5.526729345321655,1.2153558731079102,1.0,0.9990402022845458,0.3201320171356201,1.0,0.9990385274558504
gaussian-sparse,4999.0,2.0,7.9984e-05,30.0,False,True,5.207730531692505,1.1386816501617432,1.0,0.9990262534689331,0.3177268505096435,1.0,0.9990264225303496
gaussian-sparse,4999.0,2.0,7.9984e-05,30.0,False,True,5.158966302871704,1.1778779029846191,1.0,0.9991012757212802,0.318375825881958,1.0,0.9990992950771316
gaussian-sparse,4999.0,2.0,7.9984e-05,30.0,False,True,5.080134868621826,1.148367404937744,1.0,0.9990656493257148,0.3176932334899902,1.0,0.999065106343991
gaussian-sparse,4999.0,2.0,7.9984e-05,30.0,False,True,5.286891460418701,1.14503812789917,1.0,0.9990187060613924,0.3177435398101806,1.0,0.9990185508322732
gaussian-sparse,4999.0,2.0,7.9984e-05,30.0,False,True,5.234379053115845,1.1623783111572266,1.0,0.999042093915297,0.31856369972229,1.0,0.9990422826685272
gaussian-sparse,4999.0,10.0,0.00039992,10.0,False,True,2.947717905044556,1.135044813156128,1.0,0.8497520655152272,0.5153100490570068,1.0,0.9984217979401472
gaussian-sparse,4999.0,10.0,0.00039992,10.0,False,True,2.946770429611206,1.1823844909667969,1.0,0.9979350742203162,0.517655611038208,1.0,0.9983985887214016
gaussian-sparse,4999.0,10.0,0.00039992,10.0,False,True,3.0726497173309326,1.1992275714874268,1.0,0.9979352753969974,0.5170869827270508,1.0,0.99843636392599
gaussian-sparse,4999.0,10.0,0.00039992,10.0,False,True,3.090871572494507,1.1712424755096436,1.0,0.9979277238909956,0.5126693248748779,1.0,0.9983725154165428
gaussian-sparse,4999.0,10.0,0.00039992,10.0,False,True,3.202195167541504,1.1837399005889893,1.0,0.8497542563331375,0.5178799629211426,1.0,0.9983590507633668
gaussian-sparse,4999.0,10.0,0.00039992,20.0,False,True,4.206856489181519,1.189793825149536,1.0,0.9989988562338774,0.50728440284729,1.0,0.9991204269857388
gaussian-sparse,4999.0,10.0,0.00039992,20.0,False,True,4.3368237018585205,1.1672792434692385,1.0,0.8508537924668198,0.5143318176269531,1.0,0.9991344012886432
gaussian-sparse,4999.0,10.0,0.00039992,20.0,False,True,4.318767309188843,1.2143685817718506,1.0,0.8508517365454489,0.5091910362243652,1.0,0.9991095318099394
gaussian-sparse,4999.0,10.0,0.00039992,20.0,False,True,4.516517639160156,1.1665515899658203,1.0,0.9990194520448908,0.5124263763427734,1.0,0.999147802992056
gaussian-sparse,4999.0,10.0,0.00039992,20.0,False,True,4.084693431854248,1.2038142681121826,1.0,0.9989982619253626,0.5118260383605957,1.0,0.9991117866986003
gaussian-sparse,4999.0,10.0,0.00039992,30.0,False,True,5.393849849700928,1.1651098728179932,1.0,0.8512246221199858,0.5111463069915771,1.0,0.99940751648498
gaussian-sparse,4999.0,10.0,0.00039992,30.0,False,True,5.964746713638306,1.214810848236084,1.0,0.9993778525141592,0.5084574222564697,1.0,0.9994153871904596
gaussian-sparse,4999.0,10.0,0.00039992,30.0,False,True,5.399577379226685,1.1805930137634275,1.0,0.8512007335176848,0.5047180652618408,1.0,0.9993898426508022
gaussian-sparse,4999.0,10.0,0.00039992,30.0,False,True,5.229656219482422,1.1966307163238523,1.0,0.8512169829456174,0.5055859088897705,1.0,0.999408079414671
gaussian-sparse,4999.0,10.0,0.00039992,30.0,False,True,5.436283826828003,1.192563772201538,1.0,0.8511968028720724,0.5058064460754395,1.0,0.9993826535381964
gaussian-sparse,4999.0,32.0,0.001279744,10.0,False,True,3.152280807495117,1.184556007385254,1.0,0.9971801355557034,0.9845924377441406,1.0,0.9985067375657296
gaussian-sparse,4999.0,32.0,0.001279744,10.0,False,True,3.3089585304260254,1.1693007946014404,1.0,0.8490840840064409,0.9858601093292236,1.0,0.9985157291676086
gaussian-sparse,4999.0,32.0,0.001279744,10.0,False,True,3.231207609176636,1.145874261856079,1.0,0.997163041621396,0.97867751121521,1.0,0.998452201618707
gaussian-sparse,4999.0,32.0,0.001279744,10.0,False,True,3.1160922050476074,1.1178438663482666,1.0,0.9972517041202554,0.9874744415283204,1.0,0.998491163134942
gaussian-sparse,4999.0,32.0,0.001279744,10.0,False,True,3.236917018890381,1.158405303955078,1.0,0.9972068215801208,0.9883852005004884,1.0,0.9984185972681286
gaussian-sparse,4999.0,32.0,0.001279744,20.0,False,True,4.13232684135437,1.1739027500152588,1.0,0.9989322810007262,0.9862060546875,1.0,0.9991759263266816
gaussian-sparse,4999.0,32.0,0.001279744,20.0,False,True,4.073855638504028,1.1492691040039062,1.0,0.9989525427873666,0.9962282180786132,1.0,0.9991842862856544
gaussian-sparse,4999.0,32.0,0.001279744,20.0,False,True,4.64206600189209,1.1980743408203125,1.0,0.99891182799538,0.9925050735473632,1.0,0.9991525689230432
gaussian-sparse,4999.0,32.0,0.001279744,20.0,False,True,4.478743314743042,1.1813311576843262,1.0,0.9989361938119428,1.0075554847717283,1.0,0.9991896811699386
gaussian-sparse,4999.0,32.0,0.001279744,20.0,False,True,4.353036880493164,1.1706342697143557,1.0,0.99895871067936,0.982646942138672,1.0,0.9991848501439003
gaussian-sparse,4999.0,32.0,0.001279744,30.0,False,True,5.477360486984253,1.1897671222686768,1.0,0.9993476495319936,0.9912326335906982,1.0,0.9994158866260612
gaussian-sparse,4999.0,32.0,0.001279744,30.0,False,True,5.859808444976807,1.1632378101348877,1.0,0.8512246875993353,0.9918591976165771,1.0,0.9994389431452062
gaussian-sparse,4999.0,32.0,0.001279744,30.0,False,True,5.942886352539063,1.1576306819915771,1.0,0.9993766466067584,0.9915142059326172,1.0,0.9994341320351178
gaussian-sparse,4999.0,32.0,0.001279744,30.0,False,True,5.674265861511231,1.1821649074554443,1.0,0.8512342977803327,0.9942193031311036,1.0,0.9994483070344156
gaussian-sparse,4999.0,32.0,0.001279744,30.0,False,True,5.675045967102051,1.138500690460205,1.0,0.9993585933769868,0.9979290962219238,1.0,0.9994172443685444
gaussian-sparse,4999.0,64.0,0.002559488,10.0,False,True,3.060307264328003,1.1831247806549072,1.0,0.9971465154516796,1.8043830394744875,1.0,0.9985309533082672
gaussian-sparse,4999.0,64.0,0.002559488,10.0,False,True,3.238070487976074,1.1751048564910889,1.0,0.8488417581282668,1.7980244159698486,1.0,0.9984969282253014
gaussian-sparse,4999.0,64.0,0.002559488,10.0,False,True,3.330352544784546,1.1620635986328125,1.0,0.8489396358188535,1.7827746868133545,1.0,0.9984805902965028
gaussian-sparse,4999.0,64.0,0.002559488,10.0,False,True,3.165163516998291,1.139803409576416,1.0,0.8489470323197881,1.7953360080718994,1.0,0.9984923292744768
gaussian-sparse,4999.0,64.0,0.002559488,10.0,False,True,3.541203737258911,1.224048137664795,1.0,0.8489327864298095,1.7884044647216797,1.0,0.9984765790902638
gaussian-sparse,4999.0,64.0,0.002559488,20.0,False,True,4.362305164337158,1.1984024047851562,1.0,0.9989706563413248,1.811756610870361,1.0,0.999188579260925
gaussian-sparse,4999.0,64.0,0.002559488,20.0,False,True,4.479951858520508,1.175739049911499,1.0,0.8508323495877707,1.8053607940673828,1.0,0.9991936923121414
gaussian-sparse,4999.0,64.0,0.002559488,20.0,False,True,4.122416973114014,1.1738269329071045,1.0,0.8507986532459781,1.782907247543335,1.0,0.9991761777735204
gaussian-sparse,4999.0,64.0,0.002559488,20.0,False,True,4.256618976593018,1.1661624908447266,1.0,0.9989690853829386,1.7811181545257568,1.0,0.999172349364934
gaussian-sparse,4999.0,64.0,0.002559488,20.0,False,True,4.290007591247559,1.149868726730347,1.0,0.9989920718120398,2.0170395374298096,1.0,0.9992056968574254
gaussian-sparse,4999.0,64.0,0.002559488,30.0,False,True,6.357688665390015,1.212733030319214,1.0,0.9993787473869749,1.802770614624024,1.0,0.9994241029148484
gaussian-sparse,4999.0,64.0,0.002559488,30.0,False,True,5.657239675521851,1.1628518104553225,1.0,0.9993776576772792,1.8376290798187256,1.0,0.9994200576401696
gaussian-sparse,4999.0,64.0,0.002559488,30.0,False,True,6.189656496047974,1.2499418258666992,1.0,0.9994123939388708,1.8022687435150144,1.0,0.9994513015347576
gaussian-sparse,4999.0,64.0,0.002559488,30.0,False,True,5.631547689437866,1.159473896026611,1.0,0.8512344891591838,1.8321890830993648,1.0,0.9994141061659988
gaussian-sparse,4999.0,64.0,0.002559488,30.0,False,True,6.20318865776062,1.2074944972991943,1.0,0.9993863185207456,1.8369793891906736,1.0,0.9994247090384512
gamma,10000.0,2.0,0.00016,10.0,False,True,4.394977569580078,4.549868822097778,0.99984996247712,0.9975331754560248,1.1106319427490234,1.0,0.9976051412840052
gamma,10000.0,2.0,0.00016,10.0,False,True,5.158301115036011,4.509653329849243,1.0,0.997613313696032,1.1270601749420166,0.9998498423514204,0.9976523692480378
gamma,10000.0,2.0,0.00016,10.0,False,True,4.603108644485474,4.383048534393311,1.0,0.9977113915000534,1.1106016635894775,1.0,0.9977134929720476
gamma,10000.0,2.0,0.00016,10.0,False,True,4.621244668960571,4.487647533416748,1.0,0.9977241594520488,1.1142539978027344,1.0,0.9977199516280206
gamma,10000.0,2.0,0.00016,10.0,False,True,4.608185529708862,4.364946603775024,1.0,0.9977061680440404,1.1131327152252195,1.0,0.9977104664760345
gamma,10000.0,2.0,0.00016,20.0,False,True,6.608863830566406,4.517845630645752,1.0,0.9986645126160312,1.111281394958496,1.0,0.9986633647160302
gamma,10000.0,2.0,0.00016,20.0,False,True,6.797097444534302,4.496628999710083,1.0,0.9986826054880252,1.1167714595794678,1.0,0.9986845424760272
gamma,10000.0,2.0,0.00016,20.0,False,True,6.688591241836548,4.417695999145508,1.0,0.99868938024002,1.1126351356506348,1.0,0.9986898165760189
gamma,10000.0,2.0,0.00016,20.0,False,True,6.794631004333496,4.604157209396362,1.0,0.998640564344025,1.1180307865142822,1.0,0.9986408332320252
gamma,10000.0,2.0,0.00016,20.0,False,True,6.627751111984253,4.4202516078948975,1.0,0.9987282564800226,1.1296193599700928,1.0,0.9987290427440224
gamma,10000.0,2.0,0.00016,30.0,False,True,10.15750217437744,4.6220293045043945,1.0,0.9991141851280266,1.1266233921051023,1.0,0.9991141569520272
gamma,10000.0,2.0,0.00016,30.0,False,True,8.884497165679932,4.366490840911865,1.0,0.9991030155120244,1.1237938404083252,1.0,0.9991025333560244
gamma,10000.0,2.0,0.00016,30.0,True,True,9.649112224578856,4.549428462982178,1.0,0.9990214816520316,1.1305031776428225,0.9998488048086116,0.9990653245200276
gamma,10000.0,2.0,0.00016,30.0,False,True,9.88908314704895,4.470163345336914,1.0,0.999094848932024,1.136256456375122,1.0,0.9990948154440265
gamma,10000.0,2.0,0.00016,30.0,False,True,8.835671663284302,4.378339767456055,0.9998499474636312,0.9990388419241554,1.1356580257415771,0.9998499474636312,0.9990409564601552
gamma,10000.0,10.0,0.0008,10.0,False,True,4.665217161178589,4.372397184371948,1.0,0.9980184959440256,1.9368689060211184,1.0,0.9985209579680232
gamma,10000.0,10.0,0.0008,10.0,False,True,5.101478815078735,4.4451985359191895,1.0,0.9980490936440392,1.9596590995788568,1.0,0.998548361988022
gamma,10000.0,10.0,0.0008,10.0,False,True,5.011041641235352,4.442150831222534,1.0,0.9979781929600342,1.9676151275634768,1.0,0.9984740314200272
gamma,10000.0,10.0,0.0008,10.0,False,True,4.848113298416138,4.447884798049927,1.0,0.9980398234320408,1.95011043548584,1.0,0.9984952800960348
gamma,10000.0,10.0,0.0008,10.0,False,True,4.7902672290802,4.378686904907227,1.0,0.9979933091320436,1.9478518962860107,1.0,0.9984955019240292
gamma,10000.0,10.0,0.0008,20.0,False,True,6.732780933380127,4.551663398742676,1.0,0.9990776847400266,1.957077980041504,1.0,0.9992240593640144
gamma,10000.0,10.0,0.0008,20.0,False,True,7.085102796554565,4.475210189819336,1.0,0.9990609680040212,1.959566831588745,1.0,0.999205026944017
gamma,10000.0,10.0,0.0008,20.0,False,True,7.175512313842773,4.4570605754852295,1.0,0.9991152628120196,1.9520130157470703,1.0,0.9992580968920174
gamma,10000.0,10.0,0.0008,20.0,False,True,7.122381925582886,4.37948203086853,1.0,0.9991056039880232,1.9346303939819336,1.0,0.999243783988015
gamma,10000.0,10.0,0.0008,20.0,False,True,7.132604598999023,4.491249561309815,1.0,0.9990742864640184,1.942013502120972,1.0,0.999211785596018
gamma,10000.0,10.0,0.0008,30.0,False,True,9.633164644241331,4.456608057022095,1.0,0.9994308305640168,1.914775848388672,1.0,0.9994764038760144
gamma,10000.0,10.0,0.0008,30.0,False,True,9.554996490478516,4.457832336425781,1.0,0.9994108816080128,1.923646688461304,1.0,0.9994620525920124
gamma,10000.0,10.0,0.0008,30.0,False,True,9.509406566619871,4.413548231124878,1.0,0.9994157337680172,1.9349119663238523,1.0,0.9994648978520112
gamma,10000.0,10.0,0.0008,30.0,False,True,9.45771050453186,4.4735493659973145,1.0,0.9994423656960136,1.9255964756011963,1.0,0.9995025242160152
gamma,10000.0,10.0,0.0008,30.0,False,True,9.43202829360962,4.493723154067993,1.0,0.9994265640040144,1.930675983428955,1.0,0.9994746247360142
gamma,10000.0,32.0,0.00256,10.0,False,True,4.870342493057251,4.507840156555176,1.0,0.9972207712280248,3.980636358261109,1.0,0.9986402289800224
gamma,10000.0,32.0,0.00256,10.0,False,True,4.994714736938477,4.366206169128418,1.0,0.9971106887040356,3.8358235359191895,1.0,0.9985784424360352
gamma,10000.0,32.0,0.00256,10.0,False,True,4.97718620300293,4.424132347106934,1.0,0.9971640288600212,3.843625783920288,1.0,0.998658997644019
gamma,10000.0,32.0,0.00256,10.0,False,True,5.17505669593811,4.428269624710083,1.0,0.997141238492022,3.825316190719605,1.0,0.9986207145160207
gamma,10000.0,32.0,0.00256,10.0,False,True,5.167962312698364,4.512227535247803,1.0,0.9972035334320154,3.8591148853302,1.0,0.998681687888026
gamma,10000.0,32.0,0.00256,20.0,False,True,7.850229263305664,4.886548042297363,1.0,0.9989266564760202,3.80503249168396,1.0,0.9992787252800204
gamma,10000.0,32.0,0.00256,20.0,False,True,7.268552541732788,4.454628229141235,1.0,0.9989510108240144,3.8006515502929688,1.0,0.9992881596800158
gamma,10000.0,32.0,0.00256,20.0,False,True,7.179491996765137,4.358535289764404,1.0,0.9989512407560226,3.843153715133667,1.0,0.9992998259080222
gamma,10000.0,32.0,0.00256,20.0,False,True,7.086422681808472,4.372899532318115,1.0,0.9989673069320218,3.8011207580566406,1.0,0.9993106292640104
gamma,10000.0,32.0,0.00256,20.0,False,True,7.63139271736145,4.420334100723267,1.0,0.9989546625240162,3.87160849571228,1.0,0.9993009159480112
gamma,10000.0,32.0,0.00256,30.0,False,True,9.740207195281982,4.451708555221558,1.0,0.999406850648015,3.8161892890930176,1.0,0.9995159400000114
gamma,10000.0,32.0,0.00256,30.0,False,True,9.575639009475708,4.473456621170044,1.0,0.9993929054720136,3.921560525894165,1.0,0.9995052941120148
gamma,10000.0,32.0,0.00256,30.0,False,True,9.707687139511108,4.520963430404663,1.0,0.999398656260014,3.843261480331421,1.0,0.9995155487480106
gamma,10000.0,32.0,0.00256,30.0,False,True,9.713907480239868,4.543980360031128,1.0,0.9993887431680126,3.811995267868042,1.0,0.9995180569040144
gamma,10000.0,32.0,0.00256,30.0,False,True,9.9219868183136,4.541678190231323,1.0,0.9993974299360132,3.824751377105713,1.0,0.9995010776720122
gamma,10000.0,64.0,0.00512,10.0,False,True,5.421849489212036,4.363933801651001,1.0,0.9969528726360256,6.831920385360718,1.0,0.99868328860403
gamma,10000.0,64.0,0.00512,10.0,False,True,5.132380485534668,4.472926378250122,1.0,0.9969123930560064,6.86774754524231,1.0,0.9986580763520266
gamma,10000.0,64.0,0.00512,10.0,False,True,4.993108749389648,4.4451904296875,1.0,0.9969025942480207,6.840076923370361,1.0,0.9987031699960188
gamma,10000.0,64.0,0.00512,10.0,False,True,5.262290239334106,4.42831826210022,1.0,0.9970017021880216,6.968446254730225,1.0,0.9986690123760178
gamma,10000.0,64.0,0.00512,10.0,False,True,4.999410390853882,4.502487659454346,1.0,0.9969166025720084,7.0249974727630615,1.0,0.998655643432024
gamma,10000.0,64.0,0.00512,20.0,False,True,7.815064191818237,4.456799507141113,1.0,0.9989301159520212,6.943028926849365,1.0,0.9992881826760162
gamma,10000.0,64.0,0.00512,20.0,False,True,7.611430883407593,4.543603420257568,1.0,0.9989665403760304,6.823846578598023,1.0,0.9993176634000172
gamma,10000.0,64.0,0.00512,20.0,False,True,7.968838453292847,4.53243350982666,1.0,0.998918034872024,6.851373910903931,1.0,0.9992888296640186
gamma,10000.0,64.0,0.00512,20.0,False,True,7.472635269165039,4.603716611862183,1.0,0.9989194055320196,6.866813659667969,1.0,0.9992882542640156
gamma,10000.0,64.0,0.00512,20.0,False,True,7.440868854522705,4.486665725708008,1.0,0.9989634166520214,6.810172080993652,1.0,0.9993109202080152
gamma,10000.0,64.0,0.00512,30.0,False,True,10.501770734786987,4.662468910217285,1.0,0.9994175105840136,6.81591272354126,1.0,0.9995169166920114
gamma,10000.0,64.0,0.00512,30.0,False,True,10.22029948234558,4.41136646270752,1.0,0.9994170334480188,6.859318733215332,1.0,0.9995266400200128
gamma,10000.0,64.0,0.00512,30.0,False,True,11.374915599822998,4.447664260864258,1.0,0.9994168161960192,6.92215371131897,1.0,0.9995121014280164
gamma,10000.0,64.0,0.00512,30.0,False,True,10.376437187194824,4.609281778335571,1.0,0.9994070743360124,6.823526382446289,1.0,0.9995147780680128
gamma,10000.0,64.0,0.00512,30.0,False,True,10.298151969909668,4.502906799316406,1.0,0.9994199250800124,6.895461320877075,1.0,0.9995127440160114
standart,10000.0,2.0,0.00016,10.0,False,True,4.57810378074646,4.3116185665130615,1.0,0.9992486604280072,1.1008939743041992,1.0,0.9992484667240088
standart,10000.0,2.0,0.00016,10.0,False,True,4.50774621963501,4.510483026504517,1.0,0.9990983038240064,1.1112446784973145,0.9998724283778656,0.9991036200680132
standart,10000.0,2.0,0.00016,10.0,False,True,4.44298529624939,4.473548412322998,0.9836476624963254,0.9988487335200148,1.1004869937896729,0.9834412711667592,0.9988568737440152
standart,10000.0,2.0,0.00016,10.0,False,True,4.647858142852783,4.413084983825684,0.99918321323648,0.9989392137559876,1.10509991645813,0.991411853694414,0.9989258221999252
standart,10000.0,2.0,0.00016,10.0,False,True,4.411293029785156,4.3536694049835205,1.0,0.9988673166799842,1.1106505393981934,1.0,0.9988702124479856
standart,10000.0,2.0,0.00016,20.0,False,True,6.776777267456055,4.406603574752808,0.9995461541175852,0.9984673737520436,1.1227223873138428,0.9994961973079682,0.998468577348042
standart,10000.0,2.0,0.00016,20.0,False,True,6.906515121459961,4.381320476531982,1.0,0.9995561427920058,1.1081600189208984,0.999930656478634,0.999555943780006
standart,10000.0,2.0,0.00016,20.0,False,True,6.65490198135376,4.444255590438843,1.0,0.9995447824800064,1.1123409271240234,1.0,0.9995450027320064
standart,10000.0,2.0,0.00016,20.0,False,True,6.852964401245117,4.508062362670898,1.0,0.9979738662840352,1.127833127975464,1.0,0.9979666818960392
standart,10000.0,2.0,0.00016,20.0,False,True,6.5887439250946045,4.51037859916687,0.9919898634738222,0.999142403559983,1.10499906539917,0.993538191649492,0.9992242775319872
standart,10000.0,2.0,0.00016,30.0,False,True,9.29902482032776,4.416236162185669,0.9982744280811972,0.9993581690680308,1.1402504444122314,0.9981962403622736,0.9993845138080292
standart,10000.0,2.0,0.00016,30.0,False,True,10.082221746444702,4.456118822097778,0.9996386420151496,0.9996066828320052,1.122358322143555,0.9994738919045156,0.999606719932005
standart,10000.0,2.0,0.00016,30.0,False,True,9.158085107803345,4.394168853759766,0.9998724490733084,0.9996572221119996,1.1199171543121338,1.0,0.9996706418600076
standart,10000.0,2.0,0.00016,30.0,False,True,8.94510531425476,4.4369776248931885,0.9994550135084554,0.9996408443080054,1.1119577884674072,0.9989969224997524,0.9996439094600053
standart,10000.0,2.0,0.00016,30.0,False,True,9.157743692398071,4.315528392791748,0.9980774817641236,0.9995523728280044,1.1062180995941162,0.9996348355427944,0.999647885511988
standart,10000.0,10.0,0.0008,10.0,False,True,4.914557456970215,4.277399063110352,1.0,0.977491118257971,1.720961093902588,1.0,0.9994717367200068
standart,10000.0,10.0,0.0008,10.0,False,True,5.077649354934692,4.312011003494263,1.0,0.9635577938852392,1.673062086105347,1.0,0.999468895688008
standart,10000.0,10.0,0.0008,10.0,False,True,4.85238242149353,4.251810789108276,1.0,0.9811253944588246,1.6848959922790527,1.0,0.9994890585600056
standart,10000.0,10.0,0.0008,10.0,False,True,4.715644836425781,4.277419328689575,1.0,0.9118194753914,1.684936285018921,1.0,0.9994804424880076
standart,10000.0,10.0,0.0008,10.0,False,True,4.702730894088745,4.673629283905029,1.0,0.9673162780487256,1.7095930576324463,1.0,0.9994686235920058
standart,10000.0,10.0,0.0008,20.0,False,True,7.985444068908691,4.619192838668823,1.0,0.9996843686560042,1.6917459964752195,1.0,0.9997319266280033
standart,10000.0,10.0,0.0008,20.0,False,True,7.109820604324341,4.168776512145996,1.0,0.8999921708904031,1.6818413734436035,1.0,0.9997337958200028
standart,10000.0,10.0,0.0008,20.0,False,True,7.268386363983154,4.488765478134155,1.0,0.9186960133235262,1.6884117126464844,1.0,0.9997335648320024
standart,10000.0,10.0,0.0008,20.0,False,True,7.120229244232178,4.605374336242676,1.0,0.9396124894679048,1.6985108852386477,1.0,0.9997319333400024
standart,10000.0,10.0,0.0008,20.0,False,True,7.171364545822144,4.610462427139282,1.0,0.9996867555200044,1.691380500793457,1.0,0.9997297225480024
standart,10000.0,10.0,0.0008,30.0,False,True,9.541117191314695,4.530203104019165,1.0,0.9477907641261556,1.68100905418396,1.0,0.9998046282799996
standart,10000.0,10.0,0.0008,30.0,False,True,9.5820472240448,4.611583232879639,1.0,0.971797554088967,1.676984786987305,1.0,0.9998123583119986
standart,10000.0,10.0,0.0008,30.0,False,True,9.656238794326782,4.513434171676636,1.0,0.9997951733160002,1.684373140335083,1.0,0.9998078959679988
standart,10000.0,10.0,0.0008,30.0,False,True,9.823988437652588,4.5556800365448,1.0,0.9997982625279994,1.6704061031341553,1.0,0.9998128121999996
standart,10000.0,10.0,0.0008,30.0,False,True,10.435130596160889,4.654146671295166,1.0,0.9998001297599988,1.6794734001159668,1.0,0.999813333339998
standart,10000.0,32.0,0.00256,10.0,False,True,4.910912036895752,4.456790208816528,1.0,0.9990390530240096,3.370570182800293,1.0,0.999509826420008
standart,10000.0,32.0,0.00256,10.0,False,True,5.010340690612793,4.451845407485962,1.0,0.9990788964560054,3.2612838745117188,1.0,0.999517997680004
standart,10000.0,32.0,0.00256,10.0,False,True,5.375661373138428,4.622774839401245,1.0,0.99907987346801,3.256025075912476,1.0,0.9995237547160052
standart,10000.0,32.0,0.00256,10.0,False,True,5.544460773468018,4.33646821975708,1.0,0.944168776470882,3.794060230255127,1.0,0.9982989831760344
standart,10000.0,32.0,0.00256,10.0,False,True,5.112604379653931,4.629971027374268,1.0,0.9812393741307612,3.2986063957214355,1.0,0.999501622768004

